code,name,material,slot,slot_index,effect_text,kind,tier,tags,source
AM,Яд Мантикоры/Яд Бабая,Кока-Кола,main,0,Смертельный Яд,poison,deadly,,Copy of Лаборатория Агнес.xlsx
AM,Яд Мантикоры/Яд Бабая,Кока-Кола,add1,1,Выводит смертельные яды из организма (сила вашего эликсира/зелья должна быть минимум половины силы яда),detox_poison,deadly,,Copy of Лаборатория Агнес.xlsx
AM,Яд Мантикоры/Яд Бабая,Кока-Кола,add2,2,Выводит смертельные вирусы из организма (сила вашего эликсира/зелья должна быть минимум половины силы вируса),raw,,,Copy of Лаборатория Агнес.xlsx
AM,Яд Мантикоры/Яд Бабая,Кока-Кола,add3,3,Парализует погружая в магический стазис,raw,,,Copy of Лаборатория Агнес.xlsx
AMN,Цветки Амаранэ,Амарант,main,0,"Дарует в следствии мутации талант ""Прекрасный Незнакомец"" 3 ступени, при использовании вне мутации дает на время красоту (Маркер красной розы)",raw,,,Copy of Лаборатория Агнес.xlsx
AMN,Цветки Амаранэ,Амарант,add1,1,Повышенная болтливость и честность (может использоваться в зельях/эликсирах правды),raw,,,Copy of Лаборатория Агнес.xlsx
AMN,Цветки Амаранэ,Амарант,add2,2,"Абсолютная любовь к окружающим без исключения (если добавлена чья то кровь в эликсир, то любовь к тому чья кровь была добавлена)",raw,,,Copy of Лаборатория Агнес.xlsx
AMN,Цветки Амаранэ,Амарант,add3,3,"Разжигает страсть к прекрасному (искусство, слова, предметы и т.п.)",raw,,,Copy of Лаборатория Агнес.xlsx
BA,Волчий Аконит,Мелисса,main,0,"Смертельный яд для перевёртышей (обладатели таланта ""Превращение"")",poison,deadly,shapeshifter,Copy of Лаборатория Агнес.xlsx
BA,Волчий Аконит,Мелисса,add1,1,Способно вылечить средний тип болезней,raw,,,Copy of Лаборатория Агнес.xlsx
BA,Волчий Аконит,Мелисса,add2,2,"Лечит сумасшествие, нервные расстройства",raw,,,Copy of Лаборатория Агнес.xlsx
BA,Волчий Аконит,Мелисса,add3,3,Разрушает наложенное ментальное воздействие,mental_cleanse,,,Copy of Лаборатория Агнес.xlsx
BH,Белолистый Жёлтоцвет,Ромашка,main,0,"Путанность мыслей, невозможность их сформулировать",raw,,,Copy of Лаборатория Агнес.xlsx
BH,Белолистый Жёлтоцвет,Ромашка,add1,1,Помогает при лихорадке,raw,,,Copy of Лаборатория Агнес.xlsx
BH,Белолистый Жёлтоцвет,Ромашка,add2,2,Кровоостанавливающее средство,stop_bleeding,,,Copy of Лаборатория Агнес.xlsx
BH,Белолистый Жёлтоцвет,Ромашка,add3,3,Ослабляет ментальную защиту,mental_protection,,,Copy of Лаборатория Агнес.xlsx
BN,Белена,Жасмин,main,0,"Галлюцинации, вызывающие злобу, агрессивность, манию пресследования",hallucinations,,,10.2 Алхимия_ Молодой Аристократ.xlsx
BN,Белена,Жасмин,add1,1,"Сильное болеутоляющее, может использоваться, как анастезия",raw,,,10.2 Алхимия_ Молодой Аристократ.xlsx
BN,Белена,Жасмин,add2,2,Слабый яд (понижает энергию),poison_energy_down,weak,energy_down,10.2 Алхимия_ Молодой Аристократ.xlsx
BN,Белена,Жасмин,add3,3,Повышает привлекательность для дэймонов,raw,,,10.2 Алхимия_ Молодой Аристократ.xlsx
BNN,Борода Ниссе/Домового,Ванилин,main,0,Вызывает сильное желание оберегать и заботиться о слабых,raw,,,Copy of Лаборатория Агнес.xlsx
BNN,Борода Ниссе/Домового,Ванилин,add1,1,Используется в зельях иллюзий,raw,,,Copy of Лаборатория Агнес.xlsx
BNN,Борода Ниссе/Домового,Ванилин,add2,2,Защищает от кошмаров,hallucinations,,,Copy of Лаборатория Агнес.xlsx
BNN,Борода Ниссе/Домового,Ванилин,add3,3,Дает иммунитет к зельям правды и другим техникам допросов,raw,,,Copy of Лаборатория Агнес.xlsx
CG,Цветок Гармонии,Арония,main,0,"Помогает от магии энергий (тело, душа, тень)",raw,,,Copy of Лаборатория Агнес.xlsx
CG,Цветок Гармонии,Арония,add1,1,Отпугивает Дэймонов,raw,,,Copy of Лаборатория Агнес.xlsx
CG,Цветок Гармонии,Арония,add2,2,"Востанавливает от ран Души (не психологические, а магического составляющего любого живого существа)",raw,,,Copy of Лаборатория Агнес.xlsx
CG,Цветок Гармонии,Арония,add3,3,Вводит в летаргический сон,sleep,,coma,Copy of Лаборатория Агнес.xlsx
CHA,Песок черной пустыни/Хром (Тень/Фиолетовый),Чёрный крупнолистовой чай,main,0,Усиление способности впитывать энергию,raw,,,Copy of Лаборатория Агнес.xlsx
CHA,Песок черной пустыни/Хром (Тень/Фиолетовый),Чёрный крупнолистовой чай,add1,1,Способность генерировать все типы энергий из энергии Души,raw,,,Copy of Лаборатория Агнес.xlsx
CHA,Песок черной пустыни/Хром (Тень/Фиолетовый),Чёрный крупнолистовой чай,add2,2,"Устойчивость к реализации любых энергий, кроме Тела и Света",raw,,,Copy of Лаборатория Агнес.xlsx
CHA,Песок черной пустыни/Хром (Тень/Фиолетовый),Чёрный крупнолистовой чай,add3,3,Восстанавливает энергетические потоки в организме при их разрыве (каждый разрыв востанавливается при силе готового зелья/эликсира не менее 20 единиц),raw,,,Copy of Лаборатория Агнес.xlsx
CN,Кровь Нулла,Красный пищевой краситель,main,0,Средний Яд,poison,medium,,10.2 Алхимия_ Молодой Аристократ.xlsx
CN,Кровь Нулла,Красный пищевой краситель,add1,1,Увеличивает Физическое здоровье до показателя силы крови (хиты=сила крови),raw,,,10.2 Алхимия_ Молодой Аристократ.xlsx
CN,Кровь Нулла,Красный пищевой краситель,add2,2,"Увеличивает рандомно знание магии на 1 единицу. При временном эффекте зелье/эликсир/настойки написать в бот мг для получения рандомной точки усиления, действовать усиление будет в течение действия зелья/эликсира/настойки. При неснимаемом/нерушимом продукте магии получить рандомную карту ОП у мг.",raw,,,10.2 Алхимия_ Молодой Аристократ.xlsx
CN,Кровь Нулла,Красный пищевой краситель,add3,3,Слабый яд,poison,weak,,10.2 Алхимия_ Молодой Аристократ.xlsx
DGR,Древо Грюневальд,Кора Дуба,main,0,"Увеличивает плодородие (100% залет), может привести к непорочному зачатию в случае если в составе эликсира.",raw,,,Copy of Лаборатория Агнес.xlsx
DGR,Древо Грюневальд,Кора Дуба,add1,1,"Влияет на детей в утробе, увеличивает потенциал силы крови",raw,,,Copy of Лаборатория Агнес.xlsx
DGR,Древо Грюневальд,Кора Дуба,add2,2,"Дает долголетие (пара луна и луч закрашиваются раз в 20 лет), работает только в мутациях.",raw,,,Copy of Лаборатория Агнес.xlsx
DGR,Древо Грюневальд,Кора Дуба,add3,3,"В составе эликсиров является смертельным ядом, для обладателя плюса ""Ахилесова Пята"".",poison,deadly,achilles,Copy of Лаборатория Агнес.xlsx
EO,Эссенция призрака,Зелённый пищевой краситель,main,0,"Открывает способности к переходу за грань (одноразовая сработка таланта ""Обманщик Ограничений на 1 ступени)",raw,,,Copy of Лаборатория Агнес.xlsx
EO,Эссенция призрака,Зелённый пищевой краситель,add1,1,"Усиливает техники энергии ""Разума"" (сила эликсира/2 = + к техникам)",raw,,,Copy of Лаборатория Агнес.xlsx
EO,Эссенция призрака,Зелённый пищевой краситель,add2,2,"Увеличивает магический потенциал (сила крови *2, но не более 50ти единиц. При этом не увеличивает показатель хитов)",raw,,,Copy of Лаборатория Агнес.xlsx
EO,Эссенция призрака,Зелённый пищевой краситель,add3,3,"Позволяет видеть невидимое и скрытое (работает как плюс ""Глаза Существа - Элементаль"")",raw,,,Copy of Лаборатория Агнес.xlsx
EP,Концентрат Эктоплазмы призрака,Кунжут,main,0,Делает нематериальным (зелёная вуаль),raw,,,Copy of Лаборатория Агнес.xlsx
EP,Концентрат Эктоплазмы призрака,Кунжут,add1,1,Вызывает панику,raw,,,Copy of Лаборатория Агнес.xlsx
EP,Концентрат Эктоплазмы призрака,Кунжут,add2,2,Вызывает непереносимость солнечного света,raw,,,Copy of Лаборатория Агнес.xlsx
EP,Концентрат Эктоплазмы призрака,Кунжут,add3,3,Сильный яд,poison,strong,,Copy of Лаборатория Агнес.xlsx
FN,Фрамбаозза Норвежская,Листья Малины,main,0,"Эйфория, схожая с опьянением",intoxication,,,Copy of Лаборатория Агнес.xlsx
FN,Фрамбаозза Норвежская,Листья Малины,add1,1,Жаропонижающаее средство,raw,,,Copy of Лаборатория Агнес.xlsx
FN,Фрамбаозза Норвежская,Листья Малины,add2,2,Заживляет раны,healing,,,Copy of Лаборатория Агнес.xlsx
FN,Фрамбаозза Норвежская,Листья Малины,add3,3,Побуждает говорить только правду,truth,,,Copy of Лаборатория Агнес.xlsx
FR,Философская Ртуть (Время/Оранжевый),Корень солодки (раствор),main,0,"Головокружение, проблемы с вестибулярным аппаратом",raw,,,Copy of Лаборатория Агнес.xlsx
FR,Философская Ртуть (Время/Оранжевый),Корень солодки (раствор),add1,1,Смертельный яд,poison,deadly,,Copy of Лаборатория Агнес.xlsx
FR,Философская Ртуть (Время/Оранжевый),Корень солодки (раствор),add2,2,Используется для смены внешности,raw,,,Copy of Лаборатория Агнес.xlsx
FR,Философская Ртуть (Время/Оранжевый),Корень солодки (раствор),add3,3,Блокирует магическую силу (сила эликсира = время в минутах),raw,,,Copy of Лаборатория Агнес.xlsx
FS,Философская Сера (Разум/Зелёный),Мускатный орех молотый,main,0,"Совершение плохого поступка (одно действие, которое по моральному кодексу персонажа никогда бы не было бы совершено)",raw,,,Copy of Лаборатория Агнес.xlsx
FS,Философская Сера (Разум/Зелёный),Мускатный орех молотый,add1,1,"Против симптомов магических вирусов (откатывает симптомы к началу развития, после болезнь развивается как обычно)",raw,,,Copy of Лаборатория Агнес.xlsx
FS,Философская Сера (Разум/Зелёный),Мускатный орех молотый,add2,2,Вызывает немоту,raw,,,Copy of Лаборатория Агнес.xlsx
FS,Философская Сера (Разум/Зелёный),Мускатный орех молотый,add3,3,Средний яд,poison,medium,,Copy of Лаборатория Агнес.xlsx
GLH,Глаз Лиха/Глаза Гуля,Киви,main,0,"Дарует плюс ""Глаза существа"" - Хэйри (при обратной формуле) /Дэймон (при прямой формуле). Может использоваться в зельях, для врменного эффекта.",raw,,,Copy of Лаборатория Агнес.xlsx
GLH,Глаз Лиха/Глаза Гуля,Киви,add1,1,На 3 часа делает вас отвратительным и не красивым (синяя роза),raw,,,Copy of Лаборатория Агнес.xlsx
GLH,Глаз Лиха/Глаза Гуля,Киви,add2,2,Лишает знаний языков,raw,,,Copy of Лаборатория Агнес.xlsx
GLH,Глаз Лиха/Глаза Гуля,Киви,add3,3,"Дает магический счит от магии энергии Тени, может использоваться как противовес данной энергии в составе эликсира.",raw,,,Copy of Лаборатория Агнес.xlsx
GRO,Грозовик,Шалфей,main,0,"Ядовито для женщин, при контакте приводик к сну без сноведений (правила магической комы). У мужчин вызывает опьянение и эфорию.",gender_toxin,,women_sleep;men_intox,Copy of Лаборатория Агнес.xlsx
GRO,Грозовик,Шалфей,add1,1,Усиление магии молнии,raw,,,Copy of Лаборатория Агнес.xlsx
GRO,Грозовик,Шалфей,add2,2,Эйфория,intoxication,,,Copy of Лаборатория Агнес.xlsx
GRO,Грозовик,Шалфей,add3,3,"Невосприимчивость к привлекательности противоположного пола (как магической, так и природной)",raw,,,Copy of Лаборатория Агнес.xlsx
GSI,Глаза Сильфа,Маршмэллоу,main,0,"Используется для лишения плюса ""Глаза Существа"" через эликсиры Мутаций. При использовании в зельях лишает плюса на время работы зелья.",raw,,,10.2 Алхимия_ Молодой Аристократ.xlsx
GSI,Глаза Сильфа,Маршмэллоу,add1,1,"Отрезвляет, без похмелья",sobriety,,,10.2 Алхимия_ Молодой Аристократ.xlsx
GSI,Глаза Сильфа,Маршмэллоу,add2,2,Противоядие против средних ядов,antidote,medium,,10.2 Алхимия_ Молодой Аристократ.xlsx
GSI,Глаза Сильфа,Маршмэллоу,add3,3,"Согревает изнутри, используется для пробуждающих эликсиров (можно использовать такие для снятия стазиса и других эффектов насильного погружения в сны)",raw,,,10.2 Алхимия_ Молодой Аристократ.xlsx
HS,Хрящи Саламандры,Арахис (жареный и чищеный),main,0,Стойкость к любого рода соблазнам,temptation_resistance,,,Copy of Лаборатория Агнес.xlsx
HS,Хрящи Саламандры,Арахис (жареный и чищеный),add1,1,Вызывает Магическую Лихорадку (получи карту вируса у МГ),raw,,,Copy of Лаборатория Агнес.xlsx
HS,Хрящи Саламандры,Арахис (жареный и чищеный),add2,2,Повышенная холоднокровность в поступках,raw,,,Copy of Лаборатория Агнес.xlsx
HS,Хрящи Саламандры,Арахис (жареный и чищеный),add3,3,Повышает храбрость и мужество,raw,,,Copy of Лаборатория Агнес.xlsx
HV,Хорхелла,Гвоздика,main,0,Снижает влечение к противоположному полу,raw,,,Copy of Лаборатория Агнес.xlsx
HV,Хорхелла,Гвоздика,add1,1,Среднее Противоядие,antidote,medium,,Copy of Лаборатория Агнес.xlsx
HV,Хорхелла,Гвоздика,add2,2,Против ментального воздействия,mental_protection,,,Copy of Лаборатория Агнес.xlsx
HV,Хорхелла,Гвоздика,add3,3,Эффект снотворного,sleep,,,Copy of Лаборатория Агнес.xlsx
IAP,Эссенция Подвея,Мармелад,main,0,Разжигает чувство вины,raw,,,10.2 Алхимия_ Молодой Аристократ.xlsx
IAP,Эссенция Подвея,Мармелад,add1,1,Открывает тягу к природе (обнимать березу и т.д.),raw,,,10.2 Алхимия_ Молодой Аристократ.xlsx
IAP,Эссенция Подвея,Мармелад,add2,2,"Усиливает готовый эликсир. Сила усиления равна ступени вашего эликсира/зелья (была ступень суперио, усиление идет на +3 единицы и т.д.)",raw,,,10.2 Алхимия_ Молодой Аристократ.xlsx
IAP,Эссенция Подвея,Мармелад,add3,3,"Позволяет видеть сквозь красную вуаль (работает как плюс ""Глаза Существа - Элементаль"")",raw,,,10.2 Алхимия_ Молодой Аристократ.xlsx
IBP,Измельченная Борода Подвея,Мука Пшеничная,main,0,Вызывает немоту,raw,,,Copy of Лаборатория Агнес.xlsx
IBP,Измельченная Борода Подвея,Мука Пшеничная,add1,1,Блокирует Таланты на время работы эликсира,raw,,,Copy of Лаборатория Агнес.xlsx
IBP,Измельченная Борода Подвея,Мука Пшеничная,add2,2,Делает Нематериальным (зелёная вуаль),raw,,,Copy of Лаборатория Агнес.xlsx
IBP,Измельченная Борода Подвея,Мука Пшеничная,add3,3,Ненависть к кровным узам (к близким родственикам),raw,,,Copy of Лаборатория Агнес.xlsx
KAL,Клыки Упыря/Тэнгри/Альпа,Соленый огурец,main,0,Парализующий сильный яд,poison,strong,paralysis,Copy of Лаборатория Агнес.xlsx
KAL,Клыки Упыря/Тэнгри/Альпа,Соленый огурец,add1,1,"Усиливает техники энергии ""Разума"" (сила эликсира/2 = + к техникам). Применимо только в мутациях.",raw,,,Copy of Лаборатория Агнес.xlsx
KAL,Клыки Упыря/Тэнгри/Альпа,Соленый огурец,add2,2,"Используется для очищения от мутаций, а так же может использоваться в эликсирах/зельях лечения физических ран (востановления хитов)",healing,,,Copy of Лаборатория Агнес.xlsx
KAL,Клыки Упыря/Тэнгри/Альпа,Соленый огурец,add3,3,Разжигает голод до крови 1 ступени (см правила по голоду),raw,,,Copy of Лаборатория Агнес.xlsx
KDR,Кровь Древнего,Гранатовый сок,main,0,Смертельный яд,poison,deadly,,Copy of Лаборатория Агнес.xlsx
KDR,Кровь Древнего,Гранатовый сок,add1,1,"Дает плюс ""Великий Лидер"" на 30 минут, над существами вашего вида",raw,,,Copy of Лаборатория Агнес.xlsx
KDR,Кровь Древнего,Гранатовый сок,add2,2,"Увеличиввает срок жизни (1 пара луна+луч это 15 лет, а не 10)",raw,,,Copy of Лаборатория Агнес.xlsx
KDR,Кровь Древнего,Гранатовый сок,add3,3,Дает рандомно (на выбор куба Д10) 1 стихийный талант на 1 ступени,raw,,,Copy of Лаборатория Агнес.xlsx
KLA,Лапа Алконоста/Симурана,Фисташки,main,0,Барьер Души снижается до 1 единицы,raw,,,10.2 Алхимия_ Молодой Аристократ.xlsx
KLA,Лапа Алконоста/Симурана,Фисташки,add1,1,"Невозможно молчать, нужно всегда что-то говорить или петь",raw,,,10.2 Алхимия_ Молодой Аристократ.xlsx
KLA,Лапа Алконоста/Симурана,Фисташки,add2,2,Дает плюс “Фартовый” при использовании свойства в эликсире Мутации. В зельях при использовании плюс дается временно.,raw,,,10.2 Алхимия_ Молодой Аристократ.xlsx
KLA,Лапа Алконоста/Симурана,Фисташки,add3,3,Вегаторианство (позволяет заглушить голод персонажа фруктами или овощами),raw,,,10.2 Алхимия_ Молодой Аристократ.xlsx
KLS,Клюква Сибирская,Клюква,main,0,"Против симптомов магических вирусов (откатывает симптомы к началу развития, после болезнь развивается как обычно)",raw,,,Copy of Лаборатория Агнес.xlsx
KLS,Клюква Сибирская,Клюква,add1,1,"Затягивает легкие раны, кол-во которых напрямую зависит от силы зелья/эликсира (работает, как плюс ""Регенерация"")",raw,,,Copy of Лаборатория Агнес.xlsx
KLS,Клюква Сибирская,Клюква,add2,2,"Дарует магический щит, работающий только против магии энергии души (стихийная магия, стихийные таланты)",raw,,,Copy of Лаборатория Агнес.xlsx
KLS,Клюква Сибирская,Клюква,add3,3,"Помогает при лихорадке, снижает температуру",raw,,,Copy of Лаборатория Агнес.xlsx
KMM,Кровь Мертвого Мага/Кровь Гуля/Кровь Драуга,Клубничный сок с черным красителем или активированным углем,main,0,"Используется для очещения от мутаций, а так же может использоваться в эликсирах лечения физических ран (востановления хитов)",healing,,,Copy of Лаборатория Агнес.xlsx
KMM,Кровь Мертвого Мага/Кровь Гуля/Кровь Драуга,Клубничный сок с черным красителем или активированным углем,add1,1,"Противовирусное средство (физические болезни, убирает симптомы, ослабляет силу вируса)",raw,,,Copy of Лаборатория Агнес.xlsx
KMM,Кровь Мертвого Мага/Кровь Гуля/Кровь Драуга,Клубничный сок с черным красителем или активированным углем,add2,2,Невозможность пересечь круг из твердой квинтэссенции,raw,,,Copy of Лаборатория Агнес.xlsx
KMM,Кровь Мертвого Мага/Кровь Гуля/Кровь Драуга,Клубничный сок с черным красителем или активированным углем,add3,3,Используется в эликсирах для разжигания неудачи (см правила по маркерам),raw,,,Copy of Лаборатория Агнес.xlsx
KPM,Камень из почки мага,Мятный леденец,main,0,"Увеличивает силу крови мага (на время действия эликсира/зелья) на силу эликсира, на 1 боевую ситуацию.",raw,,,Copy of Лаборатория Агнес.xlsx
KPM,Камень из почки мага,Мятный леденец,add1,1,Позволяет увеличить контроль магии (сила любых магических техник *2),raw,,,Copy of Лаборатория Агнес.xlsx
KPM,Камень из почки мага,Мятный леденец,add2,2,Дарует физическое здоровье (используется в зельях/эликсирах лечения физ ран),raw,,,Copy of Лаборатория Агнес.xlsx
KPM,Камень из почки мага,Мятный леденец,add3,3,Сильное противоядие,antidote,strong,,Copy of Лаборатория Агнес.xlsx
KQ,Квинтэсэнция (Душа/Красный),Соляной раствор (концентрат),main,0,"Дает прозрение (одноразовая сработка таланта ""Третий Глаз"" на 1 ступени)",raw,,,Copy of Лаборатория Агнес.xlsx
KQ,Квинтэсэнция (Душа/Красный),Соляной раствор (концентрат),add1,1,Уравновешенность,raw,,,Copy of Лаборатория Агнес.xlsx
KQ,Квинтэсэнция (Душа/Красный),Соляной раствор (концентрат),add2,2,Лечение магических болезней (ментальных),raw,,,Copy of Лаборатория Агнес.xlsx
KQ,Квинтэсэнция (Душа/Красный),Соляной раствор (концентрат),add3,3,Способно лечить физические раны (восстанавливает хиты),healing,,,Copy of Лаборатория Агнес.xlsx
KS,Кровь Сильфа,Голубой пищевой краситель,main,0,Увеличивает Легкомыслие,raw,,,10.2 Алхимия_ Молодой Аристократ.xlsx
KS,Кровь Сильфа,Голубой пищевой краситель,add1,1,Обладает свойствами невидимости (красная вуаль),raw,,,10.2 Алхимия_ Молодой Аристократ.xlsx
KS,Кровь Сильфа,Голубой пищевой краситель,add2,2,"Отрезвляет, без похмелья",sobriety,,,10.2 Алхимия_ Молодой Аристократ.xlsx
KS,Кровь Сильфа,Голубой пищевой краситель,add3,3,Используется для зелий Левитации,raw,,,10.2 Алхимия_ Молодой Аристократ.xlsx
KSH,Когти Велесов Зверя/Чесма-Иеси/Шейско-хорского кота,Кедровые Орехи,main,0,"Используется для очищения от мутаций, а так же может использоваться в элексирах лечения физических ран (востановления хитов)",healing,,,Copy of Лаборатория Агнес.xlsx
KSH,Когти Велесов Зверя/Чесма-Иеси/Шейско-хорского кота,Кедровые Орехи,add1,1,Вызывает галюцинации,hallucinations,,,Copy of Лаборатория Агнес.xlsx
KSH,Когти Велесов Зверя/Чесма-Иеси/Шейско-хорского кота,Кедровые Орехи,add2,2,Дарует магические силы (талант или магический плюс рандомно от МГ),raw,,,Copy of Лаборатория Агнес.xlsx
KSH,Когти Велесов Зверя/Чесма-Иеси/Шейско-хорского кота,Кедровые Орехи,add3,3,"Натягивает связь тела и личности, деляя ее более короткой",raw,,,Copy of Лаборатория Агнес.xlsx
KSI,Крылья Сильфа,Молочный шоколад,main,0,Используется в эликсирах Полета,raw,,,Copy of Лаборатория Агнес.xlsx
KSI,Крылья Сильфа,Молочный шоколад,add1,1,"Может использоваться в эликсирах смены предрасположености (только по средством мутации). При использовании в зельях предрасположеность меняется временно, пока работает зелье (бросьте куб d10 и через бот сообщите мг значение, для того что бы вам сообщили вашу временную предрасположеность)",raw,,,Copy of Лаборатория Агнес.xlsx
KSI,Крылья Сильфа,Молочный шоколад,add2,2,"Получение минуса ""Любопытная Варвара"" (только по средством мутации). При использовании в зельях минус появляется временно, пока работает зелье.",curious_varvara,,,Copy of Лаборатория Агнес.xlsx
KSI,Крылья Сильфа,Молочный шоколад,add3,3,Для эликсиров/зелий проникновения в чужой сон,raw,,,Copy of Лаборатория Агнес.xlsx
KVI,Крыло взрослого импла,Лавровый лист,main,0,"Позволяет использовать талант ""улыбка Хитреца"" 1 ступени",raw,,,Copy of Лаборатория Агнес.xlsx
KVI,Крыло взрослого импла,Лавровый лист,add1,1,"Слабость к музыке: доверие как к близкому другу к любому, кто является источником музыки (поет, играет, включил музыку)",raw,,,Copy of Лаборатория Агнес.xlsx
KVI,Крыло взрослого импла,Лавровый лист,add2,2,Клептомания,kleptomania,,,Copy of Лаборатория Агнес.xlsx
KVI,Крыло взрослого импла,Лавровый лист,add3,3,Повышенная мстительность,raw,,,Copy of Лаборатория Агнес.xlsx
KZD,Кровь золотого дракона,Золотой пищевой краситель,main,0,Магия темпуса на выходе сила*2,raw,,,Copy of Лаборатория Агнес.xlsx
KZD,Кровь золотого дракона,Золотой пищевой краситель,add1,1,Возврат в нормальное состояние тела и разума для типа существа и чистоты крови,raw,,,Copy of Лаборатория Агнес.xlsx
KZD,Кровь золотого дракона,Золотой пищевой краситель,add2,2,Покрытие золотой чешуей (физ. щит силой вашего эликсира/зелья),raw,,,Copy of Лаборатория Агнес.xlsx
KZD,Кровь золотого дракона,Золотой пищевой краситель,add3,3,Позволяет увеличить безопасно время нахождения в стазисе/коме время увеличивается на ступень*10 минут,raw,,,Copy of Лаборатория Агнес.xlsx
LG,Луговой клевер,Зеленый чай,main,0,"Слабый яд, для змееподобных существ (драконы, различные змеи, полукровки от них и т.д.)",poison,weak,,Copy of Лаборатория Агнес.xlsx
LG,Луговой клевер,Зеленый чай,add1,1,Призывает удачу (маркер золотых звезд),raw,,,Copy of Лаборатория Агнес.xlsx
LG,Луговой клевер,Зеленый чай,add2,2,"Вызывает заболевание ""Дырявая Душа"" (получить аскольд карту у МГ)",raw,,,Copy of Лаборатория Агнес.xlsx
LG,Луговой клевер,Зеленый чай,add3,3,"Позволяет выйти в мир снов Настоящее, как после применения соответсвующих заклинаний сноходства",raw,,,Copy of Лаборатория Агнес.xlsx
LH,Лиллея Шерстистая,Лаванда,main,0,Повышает настроение до здоровой веселости,raw,,,Copy of Лаборатория Агнес.xlsx
LH,Лиллея Шерстистая,Лаванда,add1,1,Лечит нарушения сна,raw,,,Copy of Лаборатория Агнес.xlsx
LH,Лиллея Шерстистая,Лаванда,add2,2,Понижает половое влечение,raw,,,Copy of Лаборатория Агнес.xlsx
LH,Лиллея Шерстистая,Лаванда,add3,3,Спасает от кошмаров,hallucinations,,,Copy of Лаборатория Агнес.xlsx
MA,Марена Аравийская,Пуэр,main,0,Невозможно уснуть,cant_sleep,,insomnia,10.2 Алхимия_ Молодой Аристократ.xlsx
MA,Марена Аравийская,Пуэр,add1,1,"Бодрость (способность находиться в состоянии высокого жизненного тонуса, избытка сил и желания что-либо делать)",wake,,,10.2 Алхимия_ Молодой Аристократ.xlsx
MA,Марена Аравийская,Пуэр,add2,2,Бесстрашие и безрассудство,raw,,,10.2 Алхимия_ Молодой Аристократ.xlsx
MA,Марена Аравийская,Пуэр,add3,3,Вспыльчивость,raw,,,10.2 Алхимия_ Молодой Аристократ.xlsx
MER,Медный Реликт (Мир/Голубой),Тростниковый сахар кубиком,main,0,Помогает при разного рода омоложении сознания,raw,,,10.2 Алхимия_ Молодой Аристократ.xlsx
MER,Медный Реликт (Мир/Голубой),Тростниковый сахар кубиком,add1,1,Помогает при дезориентации в пространстве,raw,,,10.2 Алхимия_ Молодой Аристократ.xlsx
MER,Медный Реликт (Мир/Голубой),Тростниковый сахар кубиком,add2,2,Головная боль в височной части,raw,,,10.2 Алхимия_ Молодой Аристократ.xlsx
MER,Медный Реликт (Мир/Голубой),Тростниковый сахар кубиком,add3,3,Снимает дрожжь в конечностях,raw,,,10.2 Алхимия_ Молодой Аристократ.xlsx
MG,Марчиликант Глубинный,Базилик Зелёный,main,0,Успокаивает до безэмоциональности,raw,,,Copy of Лаборатория Агнес.xlsx
MG,Марчиликант Глубинный,Базилик Зелёный,add1,1,Очищает разум,raw,,,Copy of Лаборатория Агнес.xlsx
MG,Марчиликант Глубинный,Базилик Зелёный,add2,2,Восстанавливает память,raw,,,Copy of Лаборатория Агнес.xlsx
MG,Марчиликант Глубинный,Базилик Зелёный,add3,3,Снотворное,sleep,,,Copy of Лаборатория Агнес.xlsx
MHK,Можжевельник кладбищенский,Можжевельник,main,0,"В составе эликсира дает магу защиту от различных духов и призраков, защищая от проникновения их в тело.",raw,,,Copy of Лаборатория Агнес.xlsx
MHK,Можжевельник кладбищенский,Можжевельник,add1,1,Улучшает ментальную защиту,mental_protection,,,Copy of Лаборатория Агнес.xlsx
MHK,Можжевельник кладбищенский,Можжевельник,add2,2,Усиливает любой эликсир/зелье на выходе. Сила усиления зависит от ступени приготовления зелья/эликсира. Усиление идет +показатель ступени.,raw,,,Copy of Лаборатория Агнес.xlsx
MHK,Можжевельник кладбищенский,Можжевельник,add3,3,Против проклятий (временно их отключает если сила зелья/эликсира выше его показателя силы),raw,,,Copy of Лаборатория Агнес.xlsx
MIV,Молоко Вилтака,Кокосовое Молоко,main,0,"Затягивает легкие раны, кол-во которых напрямую зависит от силы зелья/эликсира (работает, как плюс ""Регенерация"")",raw,,,10.2 Алхимия_ Молодой Аристократ.xlsx
MIV,Молоко Вилтака,Кокосовое Молоко,add1,1,Проявляет невидимое,raw,,,10.2 Алхимия_ Молодой Аристократ.xlsx
MIV,Молоко Вилтака,Кокосовое Молоко,add2,2,Понижает Голод (позволяет заглушить голод персонажа фруктами или овощами),raw,,,10.2 Алхимия_ Молодой Аристократ.xlsx
MIV,Молоко Вилтака,Кокосовое Молоко,add3,3,Снижает агресивность,raw,,,10.2 Алхимия_ Молодой Аристократ.xlsx
MMM,Мясо Маркополо,Вареная колбаса/сосиски,main,0,"Вызывает общее насыщение организма, используется в мутациях для получения плюса ""Сытый""",raw,,,10.2 Алхимия_ Молодой Аристократ.xlsx
MMM,Мясо Маркополо,Вареная колбаса/сосиски,add1,1,Дает неуязвимость к стихийной магии и энергии Души,raw,,,10.2 Алхимия_ Молодой Аристократ.xlsx
MMM,Мясо Маркополо,Вареная колбаса/сосиски,add2,2,Может использоваться против плюсов физического или магического типа,raw,,,10.2 Алхимия_ Молодой Аристократ.xlsx
MMM,Мясо Маркополо,Вареная колбаса/сосиски,add3,3,Может использоваться против плюсов психических и существ,raw,,,10.2 Алхимия_ Молодой Аристократ.xlsx
MR,Миртилия Равнинная,Листья Ежевики,main,0,"Вызывает галюцинации, может использоваться для выхода в транс для Шаманов или для глубокого погружения в медитацию.",hallucinations,,,10.2 Алхимия_ Молодой Аристократ.xlsx
MR,Миртилия Равнинная,Листья Ежевики,add1,1,"Состояние влюбленности (в первое существо (разумное) противоположного пола, которое увидел)",raw,,,10.2 Алхимия_ Молодой Аристократ.xlsx
MR,Миртилия Равнинная,Листья Ежевики,add2,2,Фрагментарное ухудшение памяти,raw,,,10.2 Алхимия_ Молодой Аристократ.xlsx
MR,Миртилия Равнинная,Листья Ежевики,add3,3,Заставляет говорить только правду,truth,,,10.2 Алхимия_ Молодой Аристократ.xlsx
MС,Молодильный Семень,Душистый Перец Горошком,main,0,"Омолаживает на 10 лет, может применяться 1 раз на 1 персонажа за всю его жизнь",raw,,,10.2 Алхимия_ Молодой Аристократ.xlsx
MС,Молодильный Семень,Душистый Перец Горошком,add1,1,Уменьшает влечение к противоположному полу,raw,,,10.2 Алхимия_ Молодой Аристократ.xlsx
MС,Молодильный Семень,Душистый Перец Горошком,add2,2,"Защищает от суккубов и инкубов (любых видов соблазнения, убирает воздействия афродизиаков и приворотов)",raw,,,10.2 Алхимия_ Молодой Аристократ.xlsx
MС,Молодильный Семень,Душистый Перец Горошком,add3,3,Заставляет непрерывно врать,lie,,,10.2 Алхимия_ Молодой Аристократ.xlsx
OM,Омела,Иван Чай,main,0,Средний Яд (открывает кровотечение),poison_bleeding,medium,bleeding,Copy of Лаборатория Агнес.xlsx
OM,Омела,Иван Чай,add1,1,Бесстрашие и безрассудство,raw,,,Copy of Лаборатория Агнес.xlsx
OM,Омела,Иван Чай,add2,2,"Выводит из депрессии, повышает общий тонус организма, бодрит",raw,,,Copy of Лаборатория Агнес.xlsx
OM,Омела,Иван Чай,add3,3,Заставляет фиксироваться на одной цели,raw,,,Copy of Лаборатория Агнес.xlsx
PL,Платиум (Свет/Желтый),Белый сахар кубиком,main,0,"Обращает вспять превращения любого рода (отменяет последнюю мутацию организма, останавливает превращение через блокировку таланта ""Превращение"" и блокировку плюса ""Второй Облик"")",raw,,,10.2 Алхимия_ Молодой Аристократ.xlsx
PL,Платиум (Свет/Желтый),Белый сахар кубиком,add1,1,Возвращает утерянный слух,raw,,,10.2 Алхимия_ Молодой Аристократ.xlsx
PL,Платиум (Свет/Желтый),Белый сахар кубиком,add2,2,Возвращает утерянное зрение,raw,,,10.2 Алхимия_ Молодой Аристократ.xlsx
PL,Платиум (Свет/Желтый),Белый сахар кубиком,add3,3,"Приводит настроение в состояние равновесия, убирает негативные чувтсва",raw,,,10.2 Алхимия_ Молодой Аристократ.xlsx
PS,Сушеные пальцы Скоге/Ауки,Укроп,main,0,"Мстительность, агрессия",raw,,,Copy of Лаборатория Агнес.xlsx
PS,Сушеные пальцы Скоге/Ауки,Укроп,add1,1,Дают возможность разговаривать с растениями,raw,,,Copy of Лаборатория Агнес.xlsx
PS,Сушеные пальцы Скоге/Ауки,Укроп,add2,2,Защищают от воздействий на разум,raw,,,Copy of Лаборатория Агнес.xlsx
PS,Сушеные пальцы Скоге/Ауки,Укроп,add3,3,Сводят с ума,raw,,,Copy of Лаборатория Агнес.xlsx
QCH,Калёное Железо (Тело/Синий),Паприка молотая,main,0,Приводит в баланс энергии Жизни и Смерти в теле  (выравнивает кол-во карт Жизни и Смерти в теле Лекаря в меньшую сторону),raw,,,Copy of Лаборатория Агнес.xlsx
QCH,Калёное Железо (Тело/Синий),Паприка молотая,add1,1,Нормализует энергообмен в теле,raw,,,Copy of Лаборатория Агнес.xlsx
QCH,Калёное Железо (Тело/Синий),Паприка молотая,add2,2,Возвращает телу чувствительность,raw,,,Copy of Лаборатория Агнес.xlsx
QCH,Калёное Железо (Тело/Синий),Паприка молотая,add3,3,Наносит повреждения магическим созданиям (работает как слабый яд для существ),poison,weak,,Copy of Лаборатория Агнес.xlsx
QLH,Череп Лиха/Череп Трау,Горчичный порошок,main,0,"Позволяет взять под контроль любого мага по аналогии с талантом ""Знаменитый Кукловод"" на 2 ступени реализации (если использовать с кровью жертвы)",raw,,,Copy of Лаборатория Агнес.xlsx
QLH,Череп Лиха/Череп Трау,Горчичный порошок,add1,1,"Усиливает техники энергии если в составе эликисра используется металл, определение усиления идет в зависимотри от металла  (сила эликсира/2 = + к техникам)",raw,,,Copy of Лаборатория Агнес.xlsx
QLH,Череп Лиха/Череп Трау,Горчичный порошок,add2,2,"Дарует талант ""Манипулятор"" на 1 ступени реализации",raw,,,Copy of Лаборатория Агнес.xlsx
QLH,Череп Лиха/Череп Трау,Горчичный порошок,add3,3,"Разжигает голод на 1 ступени, до плоти магов",raw,,,Copy of Лаборатория Агнес.xlsx
RCH,Речница,Календула,main,0,"Повышает привлекательность в глазах представителей противоположного пола, может использоваться в приворотных эликсирах.",raw,,,Copy of Лаборатория Агнес.xlsx
RCH,Речница,Календула,add1,1,Уменьшает силу стихийных чар,raw,,,Copy of Лаборатория Агнес.xlsx
RCH,Речница,Календула,add2,2,Побуждает рисковать и подбивать на рискованные действия других,raw,,,Copy of Лаборатория Агнес.xlsx
RCH,Речница,Календула,add3,3,"Усиливает техники энергии ""Мира"" (сила эликсира/2 = + к техникам)",raw,,,Copy of Лаборатория Агнес.xlsx
RK,Рогатый Корень,Корень имбиря,main,0,Тонизирует (более слабый вариант бодрости),wake,,,Copy of Лаборатория Агнес.xlsx
RK,Рогатый Корень,Корень имбиря,add1,1,"Способно спасти от смертельных ядов, противоядие",antidote,deadly,,Copy of Лаборатория Агнес.xlsx
RK,Рогатый Корень,Корень имбиря,add2,2,Исцеляет физические раны,healing,,,Copy of Лаборатория Агнес.xlsx
RK,Рогатый Корень,Корень имбиря,add3,3,Увеличивает самую сильную привязанность до влюбленности,raw,,,Copy of Лаборатория Агнес.xlsx
ROS,Рога Суккуба/Рога Трау,темный шоколад,main,0,Дает возможность на 3 часа быть неотразимым кому угодно (ношение красной розы),raw,,,Copy of Лаборатория Агнес.xlsx
ROS,Рога Суккуба/Рога Трау,темный шоколад,add1,1,Вызывает сексуальную дисфункцию (спосает от любых приворотов),raw,,,Copy of Лаборатория Агнес.xlsx
ROS,Рога Суккуба/Рога Трау,темный шоколад,add2,2,"Вызывает сексуальный подьем (работает как сильный стимулятор, раскрывает сексуальное влечение и выпускает на ружу)",raw,,,Copy of Лаборатория Агнес.xlsx
ROS,Рога Суккуба/Рога Трау,темный шоколад,add3,3,Слабый яд,poison,weak,,Copy of Лаборатория Агнес.xlsx
RP,Роза Памяти,Плоды шиповника,main,0,"Делает неуязвимым к воздействиям на память, восстанавливает память. Защита ментальной составляющей Разум.",mental_protection,,,Copy of Лаборатория Агнес.xlsx
RP,Роза Памяти,Плоды шиповника,add1,1,"Неконтролируемая сработка таланта ""Истинный Сноходец"" 1 ступени, тоесть выход в мир снов ""Настоящее"" вместе с телом",raw,,,Copy of Лаборатория Агнес.xlsx
RP,Роза Памяти,Плоды шиповника,add2,2,Привлекает духов,raw,,,Copy of Лаборатория Агнес.xlsx
RP,Роза Памяти,Плоды шиповника,add3,3,Усиливает техники ментальной магии (сила эликсира/2 =  + к техникам),raw,,,Copy of Лаборатория Агнес.xlsx
RYA,Кожура Радужной ягоды,Цедра лимона,main,0,"Восстановление функционирования составляющей части личности ""Разум""",raw,,,10.2 Алхимия_ Молодой Аристократ.xlsx
RYA,Кожура Радужной ягоды,Цедра лимона,add1,1,Вызывает головную боль в затылочной части,raw,,,10.2 Алхимия_ Молодой Аристократ.xlsx
RYA,Кожура Радужной ягоды,Цедра лимона,add2,2,Немота,raw,,,10.2 Алхимия_ Молодой Аристократ.xlsx
RYA,Кожура Радужной ягоды,Цедра лимона,add3,3,"""Морская"" болезнь, тошнота",raw,,,10.2 Алхимия_ Молодой Аристократ.xlsx
SA,Снежный Аконит,Мята,main,0,СИЛЬНО повышает настроение,raw,,,Copy of Лаборатория Агнес.xlsx
SA,Снежный Аконит,Мята,add1,1,Спасает от кошмаров,hallucinations,,,Copy of Лаборатория Агнес.xlsx
SA,Снежный Аконит,Мята,add2,2,"Усиливает влечение к противоположному полу, афродизиак",raw,,,Copy of Лаборатория Агнес.xlsx
SA,Снежный Аконит,Мята,add3,3,"Вызывает ""Рыжиковое Заболевание"" (после приема зелья/эликсира с данным свойством получить аскольд-карту заболевания у МГ)",raw,,,Copy of Лаборатория Агнес.xlsx
SAP,Слюна Упыря/Тэнгри/Альпа,Томатный сок,main,0,Вызывает кошмары на яву (галюцинации с кошмарами),hallucinations,,,Copy of Лаборатория Агнес.xlsx
SAP,Слюна Упыря/Тэнгри/Альпа,Томатный сок,add1,1,Парализует (сильный яд),poison,strong,paralysis,Copy of Лаборатория Агнес.xlsx
SAP,Слюна Упыря/Тэнгри/Альпа,Томатный сок,add2,2,"Дарует талант ""Каменная Стойкость"" на 2 ступени реализации",raw,,,Copy of Лаборатория Агнес.xlsx
SAP,Слюна Упыря/Тэнгри/Альпа,Томатный сок,add3,3,"Дарует Талант ""Переносчик Чумы"" на 2 ступени реализации",raw,,,Copy of Лаборатория Агнес.xlsx
SC,Солнечный Цвет,Мать и Мачеха,main,0,Слабый яд,poison,weak,,Copy of Лаборатория Агнес.xlsx
SC,Солнечный Цвет,Мать и Мачеха,add1,1,Ослабляет ментальную защиту,mental_protection,,,Copy of Лаборатория Агнес.xlsx
SC,Солнечный Цвет,Мать и Мачеха,add2,2,"Усиливает страхи, описанный кошмар в вашей вводной для вас теперь реален и вы его видите в любой отражающей поверхности",hallucinations,,,Copy of Лаборатория Агнес.xlsx
SC,Солнечный Цвет,Мать и Мачеха,add3,3,Заживляет раны,healing,,,Copy of Лаборатория Агнес.xlsx
SD,Семена дурман-травы,Фенхель,main,0,"Нарушение функционированя составляющей части личности ""Воля""",raw,,,Copy of Лаборатория Агнес.xlsx
SD,Семена дурман-травы,Фенхель,add1,1,Галлюцинации,hallucinations,,,Copy of Лаборатория Агнес.xlsx
SD,Семена дурман-травы,Фенхель,add2,2,Потеря координации,raw,,,Copy of Лаборатория Агнес.xlsx
SD,Семена дурман-травы,Фенхель,add3,3,Лихорадка,raw,,,Copy of Лаборатория Агнес.xlsx
SF,Сердце Финфолк/Вилтак,Яблоко,main,0,"Запускает неуправляемый процесс превращений (1 превращение в час в рандомного животного или лилиута, за каждое превращение закрашивается одна пара луна-луч в печати души)",raw,,,Copy of Лаборатория Агнес.xlsx
SF,Сердце Финфолк/Вилтак,Яблоко,add1,1,Нарушает энергообмен в теле,raw,,,Copy of Лаборатория Агнес.xlsx
SF,Сердце Финфолк/Вилтак,Яблоко,add2,2,"Восстановливает функционирование составляющей части личности ""Душа""",raw,,,Copy of Лаборатория Агнес.xlsx
SF,Сердце Финфолк/Вилтак,Яблоко,add3,3,Возвращает утерянный голос,raw,,,Copy of Лаборатория Агнес.xlsx
SKI,Слюна крытаго Импла,Черный пищевой краситель,main,0,"Любая музыка, приводит к снижению барьера Воля до единицы",raw,,,Copy of Лаборатория Агнес.xlsx
SKI,Слюна крытаго Импла,Черный пищевой краситель,add1,1,"Повышенный уровень шкодливости и игривого поведения ""Шило в Попе""",raw,,,Copy of Лаборатория Агнес.xlsx
SKI,Слюна крытаго Импла,Черный пищевой краситель,add2,2,Единоразовая сработка таланта Третий Глаз на 3 ступени,raw,,,Copy of Лаборатория Агнес.xlsx
SKI,Слюна крытаго Импла,Черный пищевой краситель,add3,3,"Сильный яд для любых персонажей, кто раскрыл талант",poison,strong,,Copy of Лаборатория Агнес.xlsx
SP,Сушеные Пауки/Сушеная Чешуя Нёкки/Сушеная Чешуя Ундины,Корица,main,0,Усиливает готовый эликсир (сила на выходе *2) и даёт иммунитет к магии (пока работает этот эликсир полный иммунитет к любым магическим воздествиям),raw,,,Copy of Лаборатория Агнес.xlsx
SP,Сушеные Пауки/Сушеная Чешуя Нёкки/Сушеная Чешуя Ундины,Корица,add1,1,Делает не видимым (по правилам красной вуали),raw,,,Copy of Лаборатория Агнес.xlsx
SP,Сушеные Пауки/Сушеная Чешуя Нёкки/Сушеная Чешуя Ундины,Корица,add2,2,Средний Яд,poison,medium,,Copy of Лаборатория Агнес.xlsx
SP,Сушеные Пауки/Сушеная Чешуя Нёкки/Сушеная Чешуя Ундины,Корица,add3,3,Востанавливает квинтэссенцию (по силе вашего эликсира/зелья),raw,,,Copy of Лаборатория Агнес.xlsx
SPN,Семена Перситского Нарциса,Кориандр,main,0,Призывает на вашу сторону Удачу/Фортуну. Маркер Золотых Звезд.,raw,,,Copy of Лаборатория Агнес.xlsx
SPN,Семена Перситского Нарциса,Кориандр,add1,1,Используется для разжигание самоуверености,raw,,,Copy of Лаборатория Агнес.xlsx
SPN,Семена Перситского Нарциса,Кориандр,add2,2,"Омолаживает на 10 лет, может применяться 1 раз на 1 персонажа за всю его жизнь",raw,,,Copy of Лаборатория Агнес.xlsx
SPN,Семена Перситского Нарциса,Кориандр,add3,3,Смертельный Яд,poison,deadly,,Copy of Лаборатория Агнес.xlsx
SS,Семена Сладостного Забвения,Мак Кулинарный,main,0,Вызывает полную потерю памяти (временно пока работает эликсир/зелье),raw,,,Copy of Лаборатория Агнес.xlsx
SS,Семена Сладостного Забвения,Мак Кулинарный,add1,1,Невосприимчивость к боли и обезболивающее,raw,,,Copy of Лаборатория Агнес.xlsx
SS,Семена Сладостного Забвения,Мак Кулинарный,add2,2,Снотворное средство,sleep,,,Copy of Лаборатория Агнес.xlsx
SS,Семена Сладостного Забвения,Мак Кулинарный,add3,3,Сильный отворотный компонент.,raw,,,Copy of Лаборатория Агнес.xlsx
ST,Сон трава,Крапива,main,0,"Снимает последствия питания дэймона, против ""Дырявой Души"". Способно откатить симптомы данной болезни.",raw,,,Copy of Лаборатория Агнес.xlsx
ST,Сон трава,Крапива,add1,1,Сильное снотворное,sleep,,,Copy of Лаборатория Агнес.xlsx
ST,Сон трава,Крапива,add2,2,Убирает симптомы магической чумы на поздних стадиях,raw,,,Copy of Лаборатория Агнес.xlsx
ST,Сон трава,Крапива,add3,3,Слабое Противоядие,antidote,weak,,Copy of Лаборатория Агнес.xlsx
STN,Сердце Тени/Марида/Драуга,Лайм,main,0,Защита от любых магических воздействий,raw,,,Copy of Лаборатория Агнес.xlsx
STN,Сердце Тени/Марида/Драуга,Лайм,add1,1,Противоядие от смертельных ядов. При использовании в мутации свойство противоядия становится постоянным для организма.,antidote,deadly,,Copy of Лаборатория Агнес.xlsx
STN,Сердце Тени/Марида/Драуга,Лайм,add2,2,"Против симптомов магических вирусов (откатывает симптомы к началу развития, после болезнь развивается как обычно)",raw,,,Copy of Лаборатория Агнес.xlsx
STN,Сердце Тени/Марида/Драуга,Лайм,add3,3,"Позволяет снимать любой приворот, даже родовой, если сила эликсира выше минимум на 1 единицу приворота. При использовании в зелье, снятие идет временное.",raw,,,Copy of Лаборатория Агнес.xlsx
SY,Слёзы Ундины/Слезы Нёкки/Слезы Арахны,Лимонная кислота,main,0,"Разжигает любовь (заставляет признаться в своих чувствах, тому кто действительно нравится и в кого влюблен)",raw,,,10.2 Алхимия_ Молодой Аристократ.xlsx
SY,Слёзы Ундины/Слезы Нёкки/Слезы Арахны,Лимонная кислота,add1,1,Вызывает Галлюцинации (образы исполненой мечты/грёзы),hallucinations,,,10.2 Алхимия_ Молодой Аристократ.xlsx
SY,Слёзы Ундины/Слезы Нёкки/Слезы Арахны,Лимонная кислота,add2,2,Снотворное средство,sleep,,,10.2 Алхимия_ Молодой Аристократ.xlsx
SY,Слёзы Ундины/Слезы Нёкки/Слезы Арахны,Лимонная кислота,add3,3,Увеличивает привлекательность (пока эликсир/зелье активен маркер красной розы),raw,,,10.2 Алхимия_ Молодой Аристократ.xlsx
SZ,Сербский Златолист,Липа,main,0,Выводит из состояния опьянения,sobriety,,,Copy of Лаборатория Агнес.xlsx
SZ,Сербский Златолист,Липа,add1,1,Повышает ментальную защиту,mental_protection,,,Copy of Лаборатория Агнес.xlsx
SZ,Сербский Златолист,Липа,add2,2,Среднее Противоядие,antidote,medium,,Copy of Лаборатория Агнес.xlsx
SZ,Сербский Златолист,Липа,add3,3,Восстанавливает энергию,restore_energy,,,Copy of Лаборатория Агнес.xlsx
TD,Чешуя Травяного Дракона,Тыквенные Семечки,main,0,Клептомания и тяга ко всему блестящему,kleptomania,,,Copy of Лаборатория Агнес.xlsx
TD,Чешуя Травяного Дракона,Тыквенные Семечки,add1,1,Разжигает манию величия,raw,,,Copy of Лаборатория Агнес.xlsx
TD,Чешуя Травяного Дракона,Тыквенные Семечки,add2,2,Позволяет понимать язык животных,raw,,,Copy of Лаборатория Агнес.xlsx
TD,Чешуя Травяного Дракона,Тыквенные Семечки,add3,3,"Против симптомов магических вирусов (откатывает симптомы к началу развития, после болезнь развивается как обычно)",raw,,,Copy of Лаборатория Агнес.xlsx
TPS,Толченое перо Алконоста/Симурана,Куркума,main,0,"Восстанавливает функционирование составляющей части личности ""Воля""",raw,,,10.2 Алхимия_ Молодой Аристократ.xlsx
TPS,Толченое перо Алконоста/Симурана,Куркума,add1,1,Убирает головную боль в затылочной части,raw,,,10.2 Алхимия_ Молодой Аристократ.xlsx
TPS,Толченое перо Алконоста/Симурана,Куркума,add2,2,"Убирает паралич, в том числе от различных ядов и талантов",detox_poison,,,10.2 Алхимия_ Молодой Аристократ.xlsx
TPS,Толченое перо Алконоста/Симурана,Куркума,add3,3,Снимает воспаление и зуд кожных покровов,raw,,,10.2 Алхимия_ Молодой Аристократ.xlsx
UHG,Уши Гремлина,сушеное манго,main,0,"Талант ""Похититель энергии"" 1 ступени, который можно применять и к техническим устройствам(после этого устройство ломается)",raw,,,Copy of Лаборатория Агнес.xlsx
UHG,Уши Гремлина,сушеное манго,add1,1,"Повышенное недовольство ко всему, ворчливость",raw,,,Copy of Лаборатория Агнес.xlsx
UHG,Уши Гремлина,сушеное манго,add2,2,"Талант ""Всевидящее око"" 1 ступень",raw,,,Copy of Лаборатория Агнес.xlsx
UHG,Уши Гремлина,сушеное манго,add3,3,Смена любой предрасположенности на Энергию Разума,raw,,,Copy of Лаборатория Агнес.xlsx
VGU,Вареная Грива Ужвениста,Стеклянная лапша (запаренная),main,0,"Затмевает ""разум"", хочется прыгать скакать громко кричать И-Го-Го, бить копытом и т.д.",reason_clouding,,,10.2 Алхимия_ Молодой Аристократ.xlsx
VGU,Вареная Грива Ужвениста,Стеклянная лапша (запаренная),add1,1,Может использоваться в эликсирах дарующих красоту (красная Роза),raw,,,10.2 Алхимия_ Молодой Аристократ.xlsx
VGU,Вареная Грива Ужвениста,Стеклянная лапша (запаренная),add2,2,"Убирает до 2 любых плюс из существующих у персонажа, или в составе эликисра",raw,,,10.2 Алхимия_ Молодой Аристократ.xlsx
VGU,Вареная Грива Ужвениста,Стеклянная лапша (запаренная),add3,3,Может использоваться в зельях/элексирах на плодородие (любое в том числе и для увеличения шансов забеременеть).,raw,,,10.2 Алхимия_ Молодой Аристократ.xlsx
VT,Вонь трава,Тимьян,main,0,Вводит в состояние депрессии,raw,,,Copy of Лаборатория Агнес.xlsx
VT,Вонь трава,Тимьян,add1,1,Временно снимает эффекты проклятий,raw,,,Copy of Лаборатория Агнес.xlsx
VT,Вонь трава,Тимьян,add2,2,Защищает от ментального воздействия,mental_protection,,,Copy of Лаборатория Агнес.xlsx
VT,Вонь трава,Тимьян,add3,3,Защищает от нематериальных существ,raw,,,Copy of Лаборатория Агнес.xlsx
VZ,Волосы Зелигены/Дриады/Дэндроида,Зелённый крупнолистовой чай,main,0,Сильное успокоительное,raw,,,10.2 Алхимия_ Молодой Аристократ.xlsx
VZ,Волосы Зелигены/Дриады/Дэндроида,Зелённый крупнолистовой чай,add1,1,Исцеляет при ментальных болезнях с 50% вероятностью (бросается кубик д6 на чет или нечет). Важно что бы сила зелья/эликсира была выше минимум на 1 единицу болезни.,raw,,,10.2 Алхимия_ Молодой Аристократ.xlsx
VZ,Волосы Зелигены/Дриады/Дэндроида,Зелённый крупнолистовой чай,add2,2,"Ослабляют проклятия, на силу зелья/эликсира",raw,,,10.2 Алхимия_ Молодой Аристократ.xlsx
VZ,Волосы Зелигены/Дриады/Дэндроида,Зелённый крупнолистовой чай,add3,3,Сильное противоядие,antidote,strong,,10.2 Алхимия_ Молодой Аристократ.xlsx
YN,Яд Арахны/Яд Нёкки/Кровь Ундины,Оранжевый пищевой краситель,main,0,Смертельный яд,poison,deadly,,Copy of Лаборатория Агнес.xlsx
YN,Яд Арахны/Яд Нёкки/Кровь Ундины,Оранжевый пищевой краситель,add1,1,"Ослабляет естественные барьеры (снижает по ступени эликсира показатель барьеров воли, разума и души в равном кол-ве)",raw,,,Copy of Лаборатория Агнес.xlsx
YN,Яд Арахны/Яд Нёкки/Кровь Ундины,Оранжевый пищевой краситель,add2,2,Разрушает энергетические потоки (при силе 20 разрушается 1 поток),raw,,,Copy of Лаборатория Агнес.xlsx
YN,Яд Арахны/Яд Нёкки/Кровь Ундины,Оранжевый пищевой краситель,add3,3,Усиливает восприимчивость к энергии Тени (урон от Тени *2),raw,,,Copy of Лаборатория Агнес.xlsx
ZBD,Зубодробитель,Смородина лист,main,0,Разжигает паранойю,raw,,,Copy of Лаборатория Агнес.xlsx
ZBD,Зубодробитель,Смородина лист,add1,1,Позволяет стать неосязаемым (зеленая вуаль),raw,,,Copy of Лаборатория Агнес.xlsx
ZBD,Зубодробитель,Смородина лист,add2,2,Непереносимость солнечного света - при нахождении более 10 минут вводит в состояние тяжедого ранения (ожоги кожи),raw,,,Copy of Лаборатория Агнес.xlsx
ZBD,Зубодробитель,Смородина лист,add3,3,"Вызывает зависимость 1 уровня, см. правила ""Голод"". При наличии зависимости, увеличивает ее уровень на +1",raw,,,Copy of Лаборатория Агнес.xlsx
ZG,Зубы Гнома/Маркопола,Семена подсолнух чищенные,main,0,Вызывает опьянение,intoxication,,,Copy of Лаборатория Агнес.xlsx
ZG,Зубы Гнома/Маркопола,Семена подсолнух чищенные,add1,1,"Против симптомов магических вирусов (откатывает симптомы к началу развития, после болезнь развивается как обычно)",raw,,,Copy of Лаборатория Агнес.xlsx
ZG,Зубы Гнома/Маркопола,Семена подсолнух чищенные,add2,2,"Заживляет раны и останавливает кровотечение (восстанавливает потерянные хиты, по силе зелья/эликсира). Если рана не затянулася полностью, она не переходит на следующую ступень пока действует эликсир/зелье.",stop_bleeding,,,Copy of Лаборатория Агнес.xlsx
ZG,Зубы Гнома/Маркопола,Семена подсолнух чищенные,add3,3,"Вызывает окаменение (тело полностью покрывается камнем, личность же мага действует по правилам магической комы)",raw,,,Copy of Лаборатория Агнес.xlsx
ZM,Запертый морок,Бадьян,main,0,Делает максимально уязвимым для всех магических болезней (получить карту вирусного заболевания у МГ),raw,,,Copy of Лаборатория Агнес.xlsx
ZM,Запертый морок,Бадьян,add1,1,Превращает любые металлы в каллёное железо,raw,,,Copy of Лаборатория Агнес.xlsx
ZM,Запертый морок,Бадьян,add2,2,Открывает скрытые таланты (при наличии талантов 0 ступени),raw,,,Copy of Лаборатория Агнес.xlsx
ZM,Запертый морок,Бадьян,add3,3,Запирает в мире снов,raw,,,Copy of Лаборатория Агнес.xlsx
ZP,Цветок Лжепапорника,Гибискус (суданская роза),main,0,"От смертельных вирусов, противосполительное",raw,,,Copy of Лаборатория Агнес.xlsx
ZP,Цветок Лжепапорника,Гибискус (суданская роза),add1,1,Замедляет процессы в организме любые,raw,,,Copy of Лаборатория Агнес.xlsx
ZP,Цветок Лжепапорника,Гибискус (суданская роза),add2,2,От перепадов Настроения,raw,,,Copy of Лаборатория Агнес.xlsx
ZP,Цветок Лжепапорника,Гибискус (суданская роза),add3,3,От Тошноты,raw,,,Copy of Лаборатория Агнес.xlsx
ZR,Зубы Рататоска/Велесов Зверя/Чесма-Иеси/Шейско-хорского кота,Миндаль,main,0,Вызывает привыкание при приеме 2 доз в течении суток,raw,,,Copy of Лаборатория Агнес.xlsx
ZR,Зубы Рататоска/Велесов Зверя/Чесма-Иеси/Шейско-хорского кота,Миндаль,add1,1,"Позволяет выйти с телом в мир снов, по правилам истинного сноходца",raw,,,Copy of Лаборатория Агнес.xlsx
ZR,Зубы Рататоска/Велесов Зверя/Чесма-Иеси/Шейско-хорского кота,Миндаль,add2,2,"Приводит в состояние эйфории, открывает личность (снижает ментальные барьеры до 1)",intoxication,,,Copy of Лаборатория Агнес.xlsx
ZR,Зубы Рататоска/Велесов Зверя/Чесма-Иеси/Шейско-хорского кота,Миндаль,add3,3,"Усиливает техники энергии ""Мира"" (сила эликсира/2 = + к техникам)",raw,,,Copy of Лаборатория Агнес.xlsx
